{"channel": "channel2", "flightType": "olc3c", "turnpointMarkers": [{"Md": 47.32672316405059, "Ha": 12.6947021484375, "x": 12.6947021484375, "y": 47.32672316405059}, {"Md": 47.2736386488847, "Ha": 12.094573974609375, "x": 12.094573974609375, "y": 47.2736386488847}, {"Md": 47.31648293428332, "Ha": 12.866363525390625, "x": 12.866363525390625, "y": 47.31648293428332}], "startMarker": {"Md": 47.328584810760084, "Ha": 12.723541259765625, "x": 12.723541259765625, "y": 47.328584810760084}}