{"flightType": "olc3c", "turnpointMarkers": [{"Md": 47.437376962080776, "Ha": 12.440643310546875, "x": 12.440643310546875, "y": 47.437376962080776}, {"Md": 47.422080554468444, "Ha": 13.16162109375, "x": 13.16162109375, "y": 47.422080554468444}, {"Md": 47.224111344064475, "Ha": 13.16162109375, "x": 13.16162109375, "y": 47.224111344064475}], "startMarker": {"Md": 47.32309594926646, "Ha": 12.795639038085938, "x": 12.795639038085938, "y": 47.32309594926646}}